,country,total_quality,article_proportion
1,Tuvalu,4,0.0007407407407407407
2,Lithuania,1,0.011450819672131147
3,Cyprus,1,0.012443298969072165
4,Albania,3,0.01863019693654267
5,Mauritius,1,0.01946153846153846
6,Switzerland,1,0.02147761194029851
7,Belgium,1,0.0221868978805395
8,Uruguay,2,0.024778947368421053
9,Portugal,1,0.032046875
10,Latvia,1,0.03396428571428571
