,country,total_quality,article_proportion
1,China,40,49.6859167404783
2,United States,80,24.68684752104771
3,India,13,18.706372045220963
4,Montenegro,2,17.27777777777778
5,Vanuatu,3,16.60344827586207
6,Suriname,1,15.125
7,Indonesia,9,11.701679425837321
8,Martinique,1,10.470588235294118
9,Vietnam,13,6.688326203208557
10,Maldives,1,6.518072289156627
