,country,page,population_country,proportion
1,Tuvalu,54,0.01,5400.0
2,Albania,457,2.838,161.0288935870331
3,New Zealand,783,4.987,157.00822137557648
4,Norway,656,5.3870000000000005,121.77464265825134
5,Moldova,423,3.535,119.66053748231965
6,Estonia,148,1.331,111.19459053343351
7,Finland,569,5.529,102.91191897268946
8,Sao Tome and Principe,21,0.21,100.0
9,Lithuania,244,2.7939999999999996,87.32999284180387
10,Uruguay,285,3.531,80.71367884451996
